{
  "properties": {
    "connectionReferences": {},
    "definition": {
      "$schema": "https://schema.management.azure.com/providers/Microsoft.Logic/schemas/2016-06-01/workflowdefinition.json#",
      "contentVersion": "1.0.0.0",
      "parameters": {
        "$authentication": {
          "defaultValue": {},
          "type": "SecureObject"
        }
      },
      "triggers": {
        "manual": {
          "metadata": {
            "operationMetadataId": "383997d8-877e-48c4-84b7-e415e6215922"
          },
          "type": "Request",
          "kind": "Button",
          "inputs": {
            "schema": {
              "type": "object",
              "properties": {
                "file": {
                  "title": "Excel File",
                  "type": "object",
                  "x-ms-dynamically-added": true,
                  "description": "Please select file or image",
                  "x-ms-content-hint": "FILE",
                  "properties": {
                    "name": {
                      "type": "string"
                    },
                    "contentBytes": {
                      "type": "string",
                      "format": "byte"
                    }
                  }
                }
              },
              "required": []
            }
          }
        }
      },
      "actions": {
        "HTTP": {
          "runAfter": {},
          "metadata": {
            "operationMetadataId": "9c24e574-f7fc-4b68-8c8b-4f7b1a62aecf"
          },
          "type": "Http",
          "inputs": {
            "method": "POST",
            "uri": "https://green-python.azurewebsites.net/api/PowerAutomateExcelToJSON?code=1FL/mzih1rSc2flTMp1LNkDl99RFrtw1mVJtIgu2xHci6u1UCpf7Uw==&clientId=apim-Green-Python-apim",
            "headers": {
              "content-type": "application/json"
            },
            "body": {
              "$content": "@triggerBody()['file']['contentBytes']"
            },
            "retryPolicy": {
              "type": "none"
            }
          }
        },
        "Run_a_Child_Flow": {
          "runAfter": {
            "HTTP": [
              "Succeeded"
            ]
          },
          "metadata": {
            "operationMetadataId": "30fca25e-66b5-4830-bd52-c9076891aa80"
          },
          "type": "Workflow",
          "inputs": {
            "host": {
              "workflowReferenceName": "1257283e-6572-ee11-8179-002248993e6c"
            },
            "body": {
              "text": "https://greenlandscapingmalmo.sharepoint.com/sites/TrdexperternaApplikationer",
              "text_1": "00TestProjekt",
              "text_2": "@string(body('HTTP'))"
            },
            "retryPolicy": {
              "type": "none"
            }
          }
        }
      }
    },
    "templateName": ""
  },
  "schemaVersion": "1.0.0.0"
}